sep=,
"ID","Title","Assigned To","Case ID","Comment","Defects","Elapsed","Estimate","Forecast","In Progress","Plan","Plan ID","Priority","References","Run","Run Configuration","Run ID","Section","Section Depth","Section Description","Status","Tested By","Tested On","Type","Version"
"T58271","CopyFile","nikitra123@gmail.com","C3117","","","","","","","","","Critical","","Тест ран HardLoad Gudim","","R397","Functional","1","","Untested","","","Functional",""
"T55090","Копирование файла","nikitra123@gmail.com","C3123","","","4s","","","","","","Critical","","Тест ран HardLoad Gudim","","R397","Функционал","1","","Passed","nikitra123@gmail.com","11/23/2022 12:44 PM","Functional",""
"T55231","Копирование файлов с разной длиной имени (в имени только буквы)","nikitra123@gmail.com","C3143","","","","","","","","","Critical","","Тест ран HardLoad Gudim","","R397","Функционал","1","","Passed","nikitra123@gmail.com","11/23/2022 12:52 PM","Functional",""
"T57034","Копирование файлов с различным размером (весом)","nikitra123@gmail.com","C3305","","","","","","","","","Critical","","Тест ран HardLoad Gudim","","R397","Функционал","1","","Passed","nikitra123@gmail.com","11/23/2022 12:52 PM","Functional",""
"T58107","Копирование файла с различным форматом файлов","nikitra123@gmail.com","C3404","","","","","","","","","Medium","","Тест ран HardLoad Gudim","","R397","Функционал","1","","Passed","nikitra123@gmail.com","11/23/2022 12:52 PM","Other",""
"T58120","Копирование файлов с именем где одни цифры","nikitra123@gmail.com","C3405","","","","","","","","","Medium","","Тест ран HardLoad Gudim","","R397","Функционал","1","","Passed","nikitra123@gmail.com","11/23/2022 12:54 PM","Other",""
"T58133","Удаление файла из списка","nikitra123@gmail.com","C3406","","","","","","","","","Medium","","Тест ран HardLoad Gudim","","R397","Функционал","1","","Passed","nikitra123@gmail.com","11/23/2022 12:54 PM","Other",""
"T58146","Удаление сразу нескольких файлов из списка","nikitra123@gmail.com","C3407","Все выделенные файлы не удалились, из 4 файлов осталось 2 в списке выбранных файлов","","","","","","","","Medium","","Тест ран HardLoad Gudim","","R397","Функционал","1","","Failed","nikitra123@gmail.com","11/23/2022 12:54 PM","Other",""
"T58159","Приостановка копирования файла","nikitra123@gmail.com","C3408","","","","","","","","","Medium","","Тест ран HardLoad Gudim","","R397","Функционал","1","","Passed","nikitra123@gmail.com","11/23/2022 12:53 PM","Other",""
"T58172","Копирования пустого файлом размером 0 байт","nikitra123@gmail.com","C3409","","","","","","","","","Medium","","Тест ран HardLoad Gudim","","R397","Функционал","1","","Passed","nikitra123@gmail.com","11/23/2022 12:53 PM","Other",""
"T58263","Копирование файла формата .MKV","nikitra123@gmail.com","C3416","","","","","","","","","Medium","","Тест ран HardLoad Gudim","","R397","Функционал","1","","Failed","nikitra123@gmail.com","11/23/2022 12:53 PM","Other",""
"T58185","Проверка дизайна программы","nikitra123@gmail.com","C3410","Все активные кнопки разных размеров, а так же разных цветов.","","","","","","","","Medium","","Тест ран HardLoad Gudim","","R397","Нефункционал","1","","Failed","nikitra123@gmail.com","11/23/2022 12:55 PM","Other",""
"T58198","Проверка языка интерфейса программы","nikitra123@gmail.com","C3411","Надписи в программе написаны на двух языках Русский и Английский ","","","","","","","","Medium","","Тест ран HardLoad Gudim","","R397","Нефункционал","1","","Failed","nikitra123@gmail.com","11/23/2022 12:55 PM","Other",""
"T58211","Проверка надписей на орфографию","nikitra123@gmail.com","C3412","Есть орфографические ошибки 
1. При наведение курсора на кнопку ""удалить выделеные файлы из списка"" должно быть написано ""удалить выделеННые файлы из списка""
![](index.php?/attachments/get/2831)
2. При нажатии кнопки ""Выбрать папку, куда писать файлы"" открывается окно ""обзор папок"" и появляется надпись ""куда складыват файлы""
![](index.php?/attachments/get/2832)
Должно быть написано ""куда складыватЬ файлы""

","","","","","","","","Medium","","Тест ран HardLoad Gudim","","R397","Нефункционал","1","","Failed","nikitra123@gmail.com","11/23/2022 12:59 PM","Other",""
"T58224","Копирования файла весом больше 5 гб","nikitra123@gmail.com","C3413","","","","","","","","","Medium","","Тест ран HardLoad Gudim","","R397","Нагрузочные тесты","1","","Passed","nikitra123@gmail.com","11/23/2022 12:59 PM","Other",""
"T58237","Копирование файла с длиной имени 80 символов","nikitra123@gmail.com","C3414","","","","","","","","","Medium","","Тест ран HardLoad Gudim","","R397","Нагрузочные тесты","1","","Passed","nikitra123@gmail.com","11/23/2022 12:59 PM","Other",""
"T58250","Копирование сразу 40-ка файлов","nikitra123@gmail.com","C3415","","","","","","","","","Medium","","Тест ран HardLoad Gudim","","R397","Нагрузочные тесты","1","","Passed","nikitra123@gmail.com","11/23/2022 12:59 PM","Other",""
"T58274","CopyFile","nikitra123@gmail.com","C3124","","","","","","","","","Critical","","Тест ран HardLoad Gudim","","R397","functional","1","","Untested","","","Functional",""
"T58275","Копирование файлов","nikitra123@gmail.com","C3125","","","","","","","","","Critical","","Тест ран HardLoad Gudim","","R397","Функционал","1","","Untested","","","Functional",""
"T56750","Удаление файлов из списка","nikitra123@gmail.com","C3285","","","","","","","","","Medium","","Тест ран HardLoad Gudim","","R397","Функционал","1","","Untested","","","Functional",""
"T56762","Копирование разных форматов файла","nikitra123@gmail.com","C3286","","","","","","","","","Critical","","Тест ран HardLoad Gudim","","R397","Функционал","1","","Untested","","","Functional",""
"T56774","Приостановка копирования","nikitra123@gmail.com","C3287","","","","","","","","","Critical","","Тест ран HardLoad Gudim","","R397","Функционал","1","","Untested","","","Functional",""
"T56834","Изменение размеров окна программы","nikitra123@gmail.com","C3292","","","","","","","","","Medium","","Тест ран HardLoad Gudim","","R397","Не функционал","1","","Untested","","","Other",""
"T56846","Всплывающие подсказки","nikitra123@gmail.com","C3293","","","","","","","","","High","","Тест ран HardLoad Gudim","","R397","Не функционал","1","","Untested","","","Other",""
"T56822","Проверка локализации","nikitra123@gmail.com","C3291","","","","","","","","","Medium","","Тест ран HardLoad Gudim","","R397","Не функционал","1","","Untested","","","Other",""
"T56870","Проверка ползунка при длинном названии файла","nikitra123@gmail.com","C3295","","","","","","","","","Medium","","Тест ран HardLoad Gudim","","R397","Не функционал","1","","Untested","","","Other",""
"T56918","Размер значков","nikitra123@gmail.com","C3299","","","","","","","","","Medium","","Тест ран HardLoad Gudim","","R397","Не функционал","1","","Untested","","","Other",""
"T56786","Копирование большого количества файлов","nikitra123@gmail.com","C3288","","","","","","","","","High","","Тест ран HardLoad Gudim","","R397","Нагрузочные тесты","1","","Untested","","","Performance",""
"T56798","Копирование файла большого объема","nikitra123@gmail.com","C3289","","","","","","","","","High","","Тест ран HardLoad Gudim","","R397","Нагрузочные тесты","1","","Untested","","","Performance",""
"T56810","Копирование файла с длинным названием","nikitra123@gmail.com","C3290","","","","","","","","","High","","Тест ран HardLoad Gudim","","R397","Нагрузочные тесты","1","","Untested","","","Performance",""
"T56882","Копирование архива с паролем","nikitra123@gmail.com","C3296","","","","","","","","","High","","Тест ран HardLoad Gudim","","R397","Безопасность","1","","Untested","","","Security",""
"T56894","Копирование в ту же папку , откуда происходит копирование","nikitra123@gmail.com","C3297","","","","","","","","","Medium","","Тест ран HardLoad Gudim","","R397","Негативные тесты","1","","Untested","","","Functional",""
"T56906","Копирование в несколько пунктов копирования одновременно","nikitra123@gmail.com","C3298","","","","","","","","","Medium","","Тест ран HardLoad Gudim","","R397","Негативные тесты","1","","Untested","","","Functional",""
"T58272","Копирование файла","nikitra123@gmail.com","C3120","","","","","","","","","Critical","","Тест ран HardLoad Gudim","","R397","Functional","1","","Untested","","","Functional",""
"T55813","Юзкейс 1. Копирование","nikitra123@gmail.com","C3211","","","","","","","","","Critical","","Тест ран HardLoad Gudim","","R397","Erofeeva","0","","Untested","","","Functional",""
"T55970","Юзкейс 2. Удаление","nikitra123@gmail.com","C3226","","","","","","","","","High","","Тест ран HardLoad Gudim","","R397","Erofeeva","0","","Untested","","","Functional",""
"T56210","Локализация","nikitra123@gmail.com","C3250","","","","","","","","","Medium","","Тест ран HardLoad Gudim","","R397","Нефункциональные тесты","1","","Untested","","","Accessibility",""
"T58081","Наличие возможности перертащить файлы в программу","nikitra123@gmail.com","C3402","","","","","","","","","High","","Тест ран HardLoad Gudim","","R397","Нефункциональные тесты","1","","Untested","","","Accessibility",""
"T56190","Наличие возможности выбора нескольких файлов для добавления в программу","nikitra123@gmail.com","C3248","","","","","","","","","High","","Тест ран HardLoad Gudim","","R397","Нефункциональные тесты","1","","Untested","","","Accessibility",""
"T56180","Наличие возможность сразу скопировать файлы, которые добавила в программу","nikitra123@gmail.com","C3247","","","","","","","","","High","","Тест ран HardLoad Gudim","","R397","Нефункциональные тесты","1","","Untested","","","Accessibility",""
"T56200","Наличие возможности выбрать все файлы для копирования","nikitra123@gmail.com","C3249","","","","","","","","","High","","Тест ран HardLoad Gudim","","R397","Нефункциональные тесты","1","","Untested","","","Accessibility",""
"T55609","Удаление файла","nikitra123@gmail.com","C3194","","","","","","","","","High","","Тест ран HardLoad Gudim","","R397","Позитивные","2","","Untested","","","Functional",""
"T55833","Копирование файла","nikitra123@gmail.com","C3213","","","","","","","","","Critical","","Тест ран HardLoad Gudim","","R397","Позитивные","2","","Untested","","","Functional",""
"T55873","Удаление файла после копирования","nikitra123@gmail.com","C3217","","","","","","","","","High","","Тест ран HardLoad Gudim","","R397","Позитивные","2","","Untested","","","Functional",""
"T55649","Копирование файла большого размера","nikitra123@gmail.com","C3198","","","","","","","","","Critical","","Тест ран HardLoad Gudim","","R397","Позитивные","2","","Untested","","","Functional",""
"T55639","Копирование файла с длинным названием","nikitra123@gmail.com","C3197","","","","","","","","","Critical","","Тест ран HardLoad Gudim","","R397","Позитивные","2","","Untested","","","Functional",""
"T56290","Добавление файлов в два этапа","nikitra123@gmail.com","C3255","","","","","","","","","High","","Тест ран HardLoad Gudim","","R397","Позитивные","2","","Untested","","","Functional",""
"T57046","Копирование файлов в два этапа","nikitra123@gmail.com","C3306","","","","","","","","","High","","Тест ран HardLoad Gudim","","R397","Позитивные","2","","Untested","","","Functional",""
"T55629","Удаление нескольких файлов","nikitra123@gmail.com","C3196","","","","","","","","","High","","Тест ран HardLoad Gudim","","R397","Позитивные","2","","Untested","","","Functional",""
"T55863","Удаление нескольких файлов выборочно из списка","nikitra123@gmail.com","C3216","","","","","","","","","High","","Тест ран HardLoad Gudim","","R397","Позитивные","2","","Untested","","","Functional",""
"T55619","Копирование нескольких файлов разного формата","nikitra123@gmail.com","C3195","","","","","","","","","Critical","","Тест ран HardLoad Gudim","","R397","Позитивные","2","","Untested","","","Functional",""
"T55883","Удаление нескольких файлов после копирования","nikitra123@gmail.com","C3218","","","","","","","","","High","","Тест ран HardLoad Gudim","","R397","Позитивные","2","","Untested","","","Functional",""
"T56000","! C:\ -> D:\ Копирование файла","nikitra123@gmail.com","C3229","","","","","","","","","Critical","","Тест ран HardLoad Gudim","","R397","Позитивные","2","","Untested","","","Functional",""
"T57106","C:\ -> D:\ Копирование файла большого размера","nikitra123@gmail.com","C3311","","","","","","","","","Critical","","Тест ран HardLoad Gudim","","R397","Позитивные","2","","Untested","","","Functional",""
"T57118","C:\ -> D:\ Копирование файла с длинным названием","nikitra123@gmail.com","C3312","","","","","","","","","Critical","","Тест ран HardLoad Gudim","","R397","Позитивные","2","","Untested","","","Functional",""
"T56020","C:\ -> D:\ Копирование нескольких файлов","nikitra123@gmail.com","C3231","","","","","","","","","Critical","","Тест ран HardLoad Gudim","","R397","Позитивные","2","","Untested","","","Functional",""
"T57436","D:\ Добавление в программу файлов с диска D","nikitra123@gmail.com","C3345","","","","","","","","","Critical","","Тест ран HardLoad Gudim","","R397","Позитивные","2","","Untested","","","Functional",""
"T56010","! D:\ -> C:\ Копирование файла","nikitra123@gmail.com","C3230","","","","","","","","","Critical","","Тест ран HardLoad Gudim","","R397","Позитивные","2","","Untested","","","Functional",""
"T57178","D:\ -> C:\ Копирование файла большого размера","nikitra123@gmail.com","C3317","","","","","","","","","Critical","","Тест ран HardLoad Gudim","","R397","Позитивные","2","","Untested","","","Functional",""
"T57190","D:\ -> C:\ Копирование файла с длинным названием","nikitra123@gmail.com","C3318","","","","","","","","","Critical","","Тест ран HardLoad Gudim","","R397","Позитивные","2","","Untested","","","Functional",""
"T56030","D:\ -> C:\ Копирование нескольких файлов","nikitra123@gmail.com","C3232","","","","","","","","","Critical","","Тест ран HardLoad Gudim","","R397","Позитивные","2","","Untested","","","Functional",""
"T57232","! C:\ -> E:\ Копирование файла","nikitra123@gmail.com","C3319","","","","","","","","","Critical","","Тест ран HardLoad Gudim","","R397","Позитивные","2","","Untested","","","Functional",""
"T57233","C:\ -> E:\ Копирование файла большого размера","nikitra123@gmail.com","C3320","","","","","","","","","Critical","","Тест ран HardLoad Gudim","","R397","Позитивные","2","","Untested","","","Functional",""
"T57234","C:\ -> E:\ Копирование файла с длинным названием","nikitra123@gmail.com","C3321","","","","","","","","","Critical","","Тест ран HardLoad Gudim","","R397","Позитивные","2","","Untested","","","Functional",""
"T57235","C:\ -> E:\ Копирование нескольких файлов","nikitra123@gmail.com","C3322","","","","","","","","","Critical","","Тест ран HardLoad Gudim","","R397","Позитивные","2","","Untested","","","Functional",""
"T57700","E:\ Добавление в программу файлов со съемного диска E","nikitra123@gmail.com","C3358","","","","","","","","","Critical","","Тест ран HardLoad Gudim","","R397","Позитивные","2","","Untested","","","Functional",""
"T57478","! E:\ -> C:\ Копирование файла","nikitra123@gmail.com","C3346","","","","","","","","","Critical","","Тест ран HardLoad Gudim","","R397","Позитивные","2","","Untested","","","Functional",""
"T57479","E:\ -> C:\ Копирование файла большого размера","nikitra123@gmail.com","C3347","","","","","","","","","Critical","","Тест ран HardLoad Gudim","","R397","Позитивные","2","","Untested","","","Functional",""
"T57480","E:\ -> C:\ Копирование файла с длинным названием","nikitra123@gmail.com","C3348","","","","","","","","","Critical","","Тест ран HardLoad Gudim","","R397","Позитивные","2","","Untested","","","Functional",""
"T57481","E:\ -> C:\ Копирование нескольких файлов","nikitra123@gmail.com","C3349","","","","","","","","","Critical","","Тест ран HardLoad Gudim","","R397","Позитивные","2","","Untested","","","Functional",""
"T57562","! D:\ -> E:\ Копирование файла","nikitra123@gmail.com","C3350","","","","","","","","","Critical","","Тест ран HardLoad Gudim","","R397","Позитивные","2","","Untested","","","Functional",""
"T57563","D:\ -> E:\ Копирование файла большого размера","nikitra123@gmail.com","C3351","","","","","","","","","Critical","","Тест ран HardLoad Gudim","","R397","Позитивные","2","","Untested","","","Functional",""
"T57564","D:\ -> E:\ Копирование файла с длинным названием","nikitra123@gmail.com","C3352","","","","","","","","","Critical","","Тест ран HardLoad Gudim","","R397","Позитивные","2","","Untested","","","Functional",""
"T57565","D:\ -> E:\ Копирование нескольких файлов","nikitra123@gmail.com","C3353","","","","","","","","","Critical","","Тест ран HardLoad Gudim","","R397","Позитивные","2","","Untested","","","Functional",""
"T57646","! E:\ -> D:\ Копирование файла","nikitra123@gmail.com","C3354","","","","","","","","","Critical","","Тест ран HardLoad Gudim","","R397","Позитивные","2","","Untested","","","Functional",""
"T57647","E:\ -> D:\ Копирование файла большого размера","nikitra123@gmail.com","C3355","","","","","","","","","Critical","","Тест ран HardLoad Gudim","","R397","Позитивные","2","","Untested","","","Functional",""
"T57648","E:\ -> D:\ Копирование файла с длинным названием","nikitra123@gmail.com","C3356","","","","","","","","","Critical","","Тест ран HardLoad Gudim","","R397","Позитивные","2","","Untested","","","Functional",""
"T57649","E:\ -> D:\ Копирование нескольких файлов","nikitra123@gmail.com","C3357","","","","","","","","","Critical","","Тест ран HardLoad Gudim","","R397","Позитивные","2","","Untested","","","Functional",""
"T58094","Копирование одного файла дважды","nikitra123@gmail.com","C3403","","","","","","","","","Medium","","Тест ран HardLoad Gudim","","R397","Негативные","2","","Untested","","","Destructive",""
"T56050","Копирование файла в ту же папку","nikitra123@gmail.com","C3234","","","","","","","","","Medium","","Тест ран HardLoad Gudim","","R397","Негативные","2","","Untested","","","Destructive",""
"T55843","Копирование удаленного файла из списка","nikitra123@gmail.com","C3214","","","","","","","","","Medium","","Тест ран HardLoad Gudim","","R397","Негативные","2","","Untested","","","Destructive",""
"T56100","C:\ -> E:\ Копирование файла, когда диск не подключен","nikitra123@gmail.com","C3239","","","","","","","","","Medium","","Тест ран HardLoad Gudim","","R397","Негативные","2","","Untested","","","Destructive",""
"T56090","E:\ -> C:\ Копирование файла, когда диск не подключен","nikitra123@gmail.com","C3238","","","","","","","","","Medium","","Тест ран HardLoad Gudim","","R397","Негативные","2","","Untested","","","Destructive",""
"T56140","Копирование запароленного файла","nikitra123@gmail.com","C3243","","","","","","","","","Medium","","Тест ран HardLoad Gudim","","R397","Тесты безопасности","1","","Untested","","","Security",""
"T58273","копирование","nikitra123@gmail.com","C3122","","","","","","","","","Critical","","Тест ран HardLoad Gudim","","R397","Функциональные","1","","Untested","","","Functional",""
"T58277","Копирование файлов","nikitra123@gmail.com","C3128","","","","","","","","","Critical","","Тест ран HardLoad Gudim","","R397","Functional","1","","Untested","","","Functional",""
"T55323","Копирование нескольких файлов(разный формат)","nikitra123@gmail.com","C3164","","","","","","","","","Critical","","Тест ран HardLoad Gudim","","R397","Functional","1","","Untested","","","Functional",""
"T55359","Добавляем единоразово несколько файлов в список","nikitra123@gmail.com","C3168","","","","","","","","","Medium","","Тест ран HardLoad Gudim","","R397","Functional","1","","Untested","","","Functional",""
"T55377","Удалить файл из списка","nikitra123@gmail.com","C3170","","","","","","","","","Critical","","Тест ран HardLoad Gudim","","R397","Functional","1","","Untested","","","Functional",""
"T55386","Удалить единоразово сразу несколько файлов из списка","nikitra123@gmail.com","C3171","","","","","","","","","Low","","Тест ран HardLoad Gudim","","R397","Functional","1","","Untested","","","Functional",""
"T55395","Копирование программы","nikitra123@gmail.com","C3172","","","","","","","","","Medium","","Тест ран HardLoad Gudim","","R397","Functional","1","","Untested","","","Other",""
"T55458","Пробуем приостановить копирование","nikitra123@gmail.com","C3179","","","","","","","","","Medium","","Тест ран HardLoad Gudim","","R397","Functional","1","","Untested","","","Functional",""
"T55476","Копирование скрытого файла","nikitra123@gmail.com","C3181","","","","","","","","","Medium","","Тест ран HardLoad Gudim","","R397","Functional","1","","Untested","","","Functional",""
"T55521","Копирование файла из запароленной папки","nikitra123@gmail.com","C3186","","","","","","","","","Critical","","Тест ран HardLoad Gudim","","R397","Functional","1","","Untested","","","Functional",""
"T55575","Копирование пустого файла (0 КБ)","nikitra123@gmail.com","C3192","","","","","","","","","High","","Тест ран HardLoad Gudim","","R397","Functional","1","","Untested","","","Functional",""
"T55893","Копирование файла размером 0кб.","nikitra123@gmail.com","C3219","","","","","","","","","Medium","","Тест ран HardLoad Gudim","","R397","Functional","1","","Untested","","","Other",""
"T55404","Проверка размера кнопок","nikitra123@gmail.com","C3173","","","","","","","","","Critical","","Тест ран HardLoad Gudim","","R397","Non Functional","1","","Untested","","","Functional",""
"T55413","Проверка языка интерфейса","nikitra123@gmail.com","C3174","","","","","","","","","Critical","","Тест ран HardLoad Gudim","","R397","Non Functional","1","","Untested","","","Functional",""
"T55422","Проверка работоспособности кнопок","nikitra123@gmail.com","C3175","","","","","","","","","Critical","","Тест ран HardLoad Gudim","","R397","Non Functional","1","","Untested","","","Functional",""
"T56677","Проверка пунктуации и грамматики","nikitra123@gmail.com","C3279","","","","","","","","","High","","Тест ран HardLoad Gudim","","R397","Non Functional","1","","Untested","","","Other",""
"T55431","Копирование тяжелого файла(от 2 ГБ)","nikitra123@gmail.com","C3176","","","","","","","","","Medium","","Тест ран HardLoad Gudim","","R397","Perfomance","1","","Untested","","","Performance",""
"T55440","Копирование сразу большого количества файлов(30 шт)","nikitra123@gmail.com","C3177","","","","","","","","","High","","Тест ран HardLoad Gudim","","R397","Perfomance","1","","Untested","","","Functional",""
"T55449","Копирование файла с большим названием(70 символов)","nikitra123@gmail.com","C3178","","","","","","","","","Medium","","Тест ран HardLoad Gudim","","R397","Perfomance","1","","Untested","","","Functional",""
"T57298","Осмотр основного окна программы.","nikitra123@gmail.com","C3324","","","","","","","","","Medium","","Тест ран HardLoad Gudim","","R397","Non-Functional","1","","Untested","","","Other",""
"T55599","Создание папки для скопированных файлов.","nikitra123@gmail.com","C3193","","","","","","","","","Medium","","Тест ран HardLoad Gudim","","R397","Non-Functional","1","","Untested","","","Functional",""
"T58276","Копирование одиночного файла.","nikitra123@gmail.com","C3126","","","","","","","","","Critical","","Тест ран HardLoad Gudim","","R397","Functional","1","","Untested","","","Functional",""
"T55793","Удаление одиночного файла. Удаление группы файлов одного формата.","nikitra123@gmail.com","C3209","","","","","","","","","Medium","","Тест ран HardLoad Gudim","","R397","Functional","1","","Untested","","","Other",""
"T57310","Копирование файла с очень длинным названием.","nikitra123@gmail.com","C3325","","","","","","","","","Medium","","Тест ран HardLoad Gudim","","R397","Functional","1","","Untested","","","Other",""
"T57322","Копирование скрытых файлов.","nikitra123@gmail.com","C3326","","","","","","","","","Medium","","Тест ран HardLoad Gudim","","R397","Functional","1","","Untested","","","Other",""
"T55699","Копирование группы файлов, одного формата.","nikitra123@gmail.com","C3203","","","","","","","","","Medium","","Тест ран HardLoad Gudim","","R397","Functional","1","","Untested","","","Other",""
"T55773","Копирование группы файлов, одного формата, но разного размера.","nikitra123@gmail.com","C3207","","","","","","","","","Medium","","Тест ран HardLoad Gudim","","R397","Functional","1","","Untested","","","Other",""
"T55783","Копирование группы файлов разного формата и размера.","nikitra123@gmail.com","C3208","","","","","","","","","Medium","","Тест ран HardLoad Gudim","","R397","Functional","1","","Untested","","","Other",""
"T57346","Удаление большого количества файлов (50 файлов).","nikitra123@gmail.com","C3328","","","","","","","","","Medium","","Тест ран HardLoad Gudim","","R397","Functional","1","","Untested","","","Other",""
"T57334","Копирование большого количества файлов (50 файлов).","nikitra123@gmail.com","C3327","","","","","","","","","Medium","","Тест ран HardLoad Gudim","","R397","Perfomance","1","","Untested","","","Other",""
"T55913","Копирование крупного файла размером 16 805 439Кб","nikitra123@gmail.com","C3221","","","","","","","","","Medium","","Тест ран HardLoad Gudim","","R397","Perfomance","1","","Untested","","","Other",""
"T55923","Копирование группы файлов, общим размером 50 416 317кб.","nikitra123@gmail.com","C3222","","","","","","","","","Medium","","Тест ран HardLoad Gudim","","R397","Perfomance","1","","Untested","","","Other",""
"T56468","Идентификатор тест плана. Введение.","nikitra123@gmail.com","C3260","","","","","","","","","Medium","","Тест ран HardLoad Gudim","","R397","Кovrik","1","","Untested","","","Other",""
"T56479","Проблемы и риски. Поиск кадров для тестирования.","nikitra123@gmail.com","C3261","","","","","","","","","Medium","","Тест ран HardLoad Gudim","","R397","Кovrik","1","","Untested","","","Other",""
"T56589","Функции которые нужно тестировать. Функции которые не нужно тестировать.","nikitra123@gmail.com","C3271","","","","","","","","","Medium","","Тест ран HardLoad Gudim","","R397","Кovrik","1","","Untested","","","Other",""
"T56490","Заказ и получение объекта тестирования.","nikitra123@gmail.com","C3262","","","","","","","","","Medium","","Тест ран HardLoad Gudim","","R397","Не функциональные тесты.","2","","Untested","","","Other",""
"T56501","Тестирование размера.","nikitra123@gmail.com","C3263","","","","","","","","","Medium","","Тест ран HardLoad Gudim","","R397","Не функциональные тесты.","2","","Untested","","","Other",""
"T56512","Тестирование прочности.","nikitra123@gmail.com","C3264","","","","","","","","","Medium","","Тест ран HardLoad Gudim","","R397","Не функциональные тесты.","2","","Untested","","","Other",""
"T56523","Тестирование цвета и качества окраски.","nikitra123@gmail.com","C3265","","","","","","","","","Medium","","Тест ран HardLoad Gudim","","R397","Не функциональные тесты.","2","","Untested","","","Other",""
"T56534","Химический анализ каучука и металла.","nikitra123@gmail.com","C3266","","","","","","","","","Medium","","Тест ран HardLoad Gudim","","R397","Не функциональные тесты.","2","","Untested","","","Other",""
"T56545","Тестирование лечебного эффекта при мышечных спазмах в спине. (1 месяц)","nikitra123@gmail.com","C3267","","","","","","","","","Medium","","Тест ран HardLoad Gudim","","R397","Функциональные тесты","2","","Untested","","","Other",""
"T56556","Тестирование лечебного эффекта при при неврологических симптомах остеохондроза пояснично-крестцового отдела позвоночника. (1 месяц)","nikitra123@gmail.com","C3268","","","","","","","","","Medium","","Тест ран HardLoad Gudim","","R397","Функциональные тесты","2","","Untested","","","Other",""
"T56567","Тестирование лечебного эффекта при головных и зубных болях. (2 недели)","nikitra123@gmail.com","C3269","","","","","","","","","Medium","","Тест ран HardLoad Gudim","","R397","Функциональные тесты","2","","Untested","","","Other",""
"T56578","Тестирование эффективности при восстановлении после инсультов. (2 месяца)","nikitra123@gmail.com","C3270","","","","","","","","","Medium","","Тест ран HardLoad Gudim","","R397","Функциональные тесты","2","","Untested","","","Other",""
"T56600","Тестирование эффективности при переломах верхних и нижних конечностей. (1 месяц)","nikitra123@gmail.com","C3272","","","","","","","","","Medium","","Тест ран HardLoad Gudim","","R397","Функциональные тесты","2","","Untested","","","Other",""
"T56611","Тестирование коврика для использования в роли коврика для компьютерной мыши.","nikitra123@gmail.com","C3273","","","","","","","","","Medium","","Тест ран HardLoad Gudim","","R397","Нагрузочные тесты.","2","","Untested","","","Other",""
"T57286","Документация к приложению.","nikitra123@gmail.com","C3323","","","","","","","","","Medium","","Тест ран HardLoad Gudim","","R397","VendorMachine","1","","Untested","","","Other",""
"T56622","Первый запуск и заполнение заказа.","nikitra123@gmail.com","C3274","","","","","","","","","Medium","","Тест ран HardLoad Gudim","","R397","Базовые тесты.","2","","Untested","","","Other",""
"T56633","Удаление одиночного заказа из списка заказов.","nikitra123@gmail.com","C3275","","","","","","","","","Medium","","Тест ран HardLoad Gudim","","R397","Базовые тесты.","2","","Untested","","","Other",""
"T56644","Проверка максимальной длины очереди заказа. Очистка очереди заказа.","nikitra123@gmail.com","C3276","","","","","","","","","Medium","","Тест ран HardLoad Gudim","","R397","Базовые тесты.","2","","Untested","","","Other",""
"T56655","Добавление в очередь Nuka Cola  разного обьема. Проверка верного подсчета суммы заказа.","nikitra123@gmail.com","C3277","","","","","","","","","High","","Тест ран HardLoad Gudim","","R397","Тесты средней важности.","3","","Untested","","","Other",""
"T56930","Проверка расчета скидки при добавлении Nuka Cola разных обьемов.","nikitra123@gmail.com","C3300","","","","","","","","","High","","Тест ран HardLoad Gudim","","R397","Тесты средней важности.","3","","Untested","","","Other",""
"T56942","Добавление в очередь Slurm разного объема.","nikitra123@gmail.com","C3301","","","","","","","","","Medium","","Тест ран HardLoad Gudim","","R397","Тесты средней важности.","3","","Untested","","","Other",""
"T56954","Проверка расчета скидки при добавлении Slurm разных обьемов.","nikitra123@gmail.com","C3302","","","","","","","","","Medium","","Тест ран HardLoad Gudim","","R397","Тесты средней важности.","3","","Untested","","","Other",""
"T57094","Ввод неверного промокода.","nikitra123@gmail.com","C3310","","","","","","","","","Medium","","Тест ран HardLoad Gudim","","R397","Тесты средней важности.","3","","Untested","","","Other",""
"T57070","Тестирование окна промокода.","nikitra123@gmail.com","C3308","","","","","","","","","High","","Тест ран HardLoad Gudim","","R397","Тесты средней важности.","3","","Untested","","","Other",""
"T56978","Тестирование второго экрана. Оплата и список покупок.","nikitra123@gmail.com","C3304","","","","","","","","","Critical","","Тест ран HardLoad Gudim","","R397","Тесты критической важности.","4","","Untested","","","Other",""
"T57058","Тестирование окна ввода купюр.","nikitra123@gmail.com","C3307","","","","","","","","","Critical","","Тест ран HardLoad Gudim","","R397","Тесты критической важности.","4","","Untested","","","Other",""
"T57082","Monkey тест окна ввода купюр.","nikitra123@gmail.com","C3309","","","","","","","","","Critical","","Тест ран HardLoad Gudim","","R397","Тесты критической важности.","4","","Untested","","","Other",""
"T55265","Проверка внешнего вида кнопок: размеры и расположение/UI testing","nikitra123@gmail.com","C3161","","","","","","","","","High","","Тест ран HardLoad Gudim","","R397","HardLoad tests","1","","Untested","","","Usability",""
"T55274","Проверка работоспособности кнопок","nikitra123@gmail.com","C3162","","","","","","","","","Critical","","Тест ран HardLoad Gudim","","R397","HardLoad tests","1","","Untested","","","Functional",""
"T55283","Проверка копирования программы","nikitra123@gmail.com","C3163","","","","","","","","","Critical","","Тест ран HardLoad Gudim","","R397","HardLoad tests","1","","Untested","","","Functional",""
"T55332","Проверка множественного копирования файлов","nikitra123@gmail.com","C3165","","","","","","","","","High","","Тест ран HardLoad Gudim","","R397","HardLoad tests","1","","Untested","","","Functional",""
"T55341","Проверка возможности копирования скрытых файлов","nikitra123@gmail.com","C3166","","","","","","","","","High","","Тест ран HardLoad Gudim","","R397","HardLoad tests","1","","Untested","","","Functional",""
"T55350","Проверка отправки архива ZIP.","nikitra123@gmail.com","C3167","","","","","","","","","High","","Тест ран HardLoad Gudim","","R397","HardLoad tests","1","","Untested","","","Functional",""
"T55485","Проверка копирования открытого неизменяемого файла.","nikitra123@gmail.com","C3182","","","","","","","","","Critical","","Тест ран HardLoad Gudim","","R397","HardLoad tests","1","","Untested","","","Functional",""
"T55494","Проверка копирования открытого изменяемого файла.","nikitra123@gmail.com","C3183","","","","","","","","","Critical","","Тест ран HardLoad Gudim","","R397","HardLoad tests","1","","Untested","","","Functional",""
"T55503","Проверка копирования ярлыка.","nikitra123@gmail.com","C3184","","","","","","","","","Critical","","Тест ран HardLoad Gudim","","R397","HardLoad tests","1","","Untested","","","Functional",""
"T55512","Проверка отправки на другой диск, отличный от места нахождения изначальной папки.","nikitra123@gmail.com","C3185","","","","","","","","","Critical","","Тест ран HardLoad Gudim","","R397","HardLoad tests","1","","Untested","","","Functional",""
"T55530","Проверка вместимости файлов для единовременного копирования","nikitra123@gmail.com","C3187","","","","","","","","","Critical","","Тест ран HardLoad Gudim","","R397","HardLoad tests","1","","Untested","","","Destructive",""
"T55539","Проверка отправки файлов размером 0 кб.","nikitra123@gmail.com","C3188","","","","","","","","","Critical","","Тест ран HardLoad Gudim","","R397","HardLoad tests","1","","Untested","","","Functional",""
"T55548","Проверка отправки файлов размером от 1 кб до 1 гб.","nikitra123@gmail.com","C3189","","","","","","","","","Critical","","Тест ран HardLoad Gudim","","R397","HardLoad tests","1","","Untested","","","Functional",""
"T55557","Проверка отправки файлов размером более 1 гб.","nikitra123@gmail.com","C3190","","","","","","","","","Critical","","Тест ран HardLoad Gudim","","R397","HardLoad tests","1","","Untested","","","Functional",""
"T55566","Проверка копирования при выборе нескольких файлов.","nikitra123@gmail.com","C3191","","","","","","","","","Critical","","Тест ран HardLoad Gudim","","R397","HardLoad tests","1","","Untested","","","Functional",""
"T56688","Очистка экрана","nikitra123@gmail.com","C3280","","","","","","","","","Medium","","Тест ран HardLoad Gudim","","R397","Calculator","1","","Untested","","","Other",""
"T56699","Изменение знака числа - 1","nikitra123@gmail.com","C3281","","","","","","","","","Medium","","Тест ран HardLoad Gudim","","R397","Calculator","1","","Untested","","","Other",""
"T56710","Изменение знака числа - 2","nikitra123@gmail.com","C3282","","","","","","","","","Medium","","Тест ран HardLoad Gudim","","R397","Calculator","1","","Untested","","","Other",""
"T56721","Изменение знака числа - 3","nikitra123@gmail.com","C3283","","","","","","","","","Medium","","Тест ран HardLoad Gudim","","R397","Calculator","1","","Untested","","","Other",""
"T56732","Изменение знака числа - 4","nikitra123@gmail.com","C3284","","","","","","","","","Medium","","Тест ран HardLoad Gudim","","R397","Calculator","1","","Untested","","","Other",""
"T57752","Вычисление квадратного корня - 1","nikitra123@gmail.com","C3379","","","","","","","","","Medium","","Тест ран HardLoad Gudim","","R397","Calculator","1","","Untested","","","Other",""
"T57764","Вычисление квадратного корня - 2","nikitra123@gmail.com","C3380","","","","","","","","","Medium","","Тест ран HardLoad Gudim","","R397","Calculator","1","","Untested","","","Other",""
"T57776","Вычисление квадратного корня - 3","nikitra123@gmail.com","C3381","","","","","","","","","Medium","","Тест ран HardLoad Gudim","","R397","Calculator","1","","Untested","","","Other",""
"T57788","Вычисление квадратного корня - 4","nikitra123@gmail.com","C3382","","","","","","","","","Medium","","Тест ран HardLoad Gudim","","R397","Calculator","1","","Untested","","","Other",""
"T57800","Вычисление квадратного корня - 5","nikitra123@gmail.com","C3383","","","","","","","","","Medium","","Тест ран HardLoad Gudim","","R397","Calculator","1","","Untested","","","Other",""
"T57812","Вычисление квадратного корня - 6","nikitra123@gmail.com","C3384","","","","","","","","","Medium","","Тест ран HardLoad Gudim","","R397","Calculator","1","","Untested","","","Other",""
"T57824","Операции с 100% - 1","nikitra123@gmail.com","C3385","","","","","","","","","Medium","","Тест ран HardLoad Gudim","","R397","Calculator","1","","Untested","","","Other",""
"T57836","Операции с 100% - 2","nikitra123@gmail.com","C3386","","","","","","","","","Medium","","Тест ран HardLoad Gudim","","R397","Calculator","1","","Untested","","","Other",""
"T57848","Операции с 100% - 3","nikitra123@gmail.com","C3387","","","","","","","","","Medium","","Тест ран HardLoad Gudim","","R397","Calculator","1","","Untested","","","Other",""
"T57860","Операции с 100% - 4","nikitra123@gmail.com","C3388","","","","","","","","","Medium","","Тест ран HardLoad Gudim","","R397","Calculator","1","","Untested","","","Other",""
"T57872","Операции с 0% - 5","nikitra123@gmail.com","C3389","","","","","","","","","Medium","","Тест ран HardLoad Gudim","","R397","Calculator","1","","Untested","","","Other",""
"T57884","Операции с 0% - 6","nikitra123@gmail.com","C3390","","","","","","","","","Medium","","Тест ран HardLoad Gudim","","R397","Calculator","1","","Untested","","","Other",""
"T57896","Операции с 0% - 7","nikitra123@gmail.com","C3391","","","","","","","","","Medium","","Тест ран HardLoad Gudim","","R397","Calculator","1","","Untested","","","Other",""
"T57908","Операции с 0% - 8","nikitra123@gmail.com","C3392","","","","","","","","","Medium","","Тест ран HardLoad Gudim","","R397","Calculator","1","","Untested","","","Other",""
"T57920","Операция сложения 1","nikitra123@gmail.com","C3393","","","","","","","","","Medium","","Тест ран HardLoad Gudim","","R397","Calculator","1","","Untested","","","Other",""
"T57932","Операция сложения 2","nikitra123@gmail.com","C3394","","","","","","","","","Medium","","Тест ран HardLoad Gudim","","R397","Calculator","1","","Untested","","","Other",""
"T57944","Операция сложения 3","nikitra123@gmail.com","C3395","","","","","","","","","Medium","","Тест ран HardLoad Gudim","","R397","Calculator","1","","Untested","","","Other",""
"T57956","Операция сложения 4","nikitra123@gmail.com","C3396","","","","","","","","","Medium","","Тест ран HardLoad Gudim","","R397","Calculator","1","","Untested","","","Other",""
"T57968","Операция сложения 5","nikitra123@gmail.com","C3397","","","","","","","","","Medium","","Тест ран HardLoad Gudim","","R397","Calculator","1","","Untested","","","Other",""
"T57980","Операция вычитания 1","nikitra123@gmail.com","C3398","","","","","","","","","Medium","","Тест ран HardLoad Gudim","","R397","Calculator","1","","Untested","","","Other",""
"T57992","Операция вычитания 2","nikitra123@gmail.com","C3399","","","","","","","","","Medium","","Тест ран HardLoad Gudim","","R397","Calculator","1","","Untested","","","Other",""
"T58004","Операция вычитания 3","nikitra123@gmail.com","C3400","","","","","","","","","Medium","","Тест ран HardLoad Gudim","","R397","Calculator","1","","Untested","","","Other",""
"T55114","копирование файла","nikitra123@gmail.com","C3130","","","","","","","","","Medium","","Тест ран HardLoad Gudim","","R397","func","1","","Untested","","","Functional",""
"T55123","удаление файла из списка","nikitra123@gmail.com","C3131","","","","","","","","","Medium","","Тест ран HardLoad Gudim","","R397","func","1","","Untested","","","Functional",""
"T55141","выбор конечной папки для копирования","nikitra123@gmail.com","C3133","","","","","","","","","Medium","","Тест ран HardLoad Gudim","","R397","func","1","","Untested","","","Other",""
"T55150","остановка копирования","nikitra123@gmail.com","C3134","","","","","","","","","Medium","","Тест ран HardLoad Gudim","","R397","func","1","","Untested","","","Other",""
"T55186","копирование файла с 50 символами в названии","nikitra123@gmail.com","C3138","","","","","","","","","Medium","","Тест ран HardLoad Gudim","","R397","func","1","","Untested","","","Other",""
"T55204","копирование файлов из папок защищенных паролем","nikitra123@gmail.com","C3140","","","","","","","","","Medium","","Тест ран HardLoad Gudim","","R397","func","1","","Untested","","","Other",""
"T55195","проверка табуляции","nikitra123@gmail.com","C3139","","","","","","","","","Medium","","Тест ран HardLoad Gudim","","R397","nofunc","1","","Untested","","","Other",""
"T55213","расположение кнопок","nikitra123@gmail.com","C3141","","","","","","","","","Medium","","Тест ран HardLoad Gudim","","R397","nofunc","1","","Untested","","","Other",""
"T55222","размер кнопок","nikitra123@gmail.com","C3142","","","","","","","","","Medium","","Тест ран HardLoad Gudim","","R397","nofunc","1","","Untested","","","Other",""
"T55159","копирование 50 файлов","nikitra123@gmail.com","C3135","","","","","","","","","Medium","","Тест ран HardLoad Gudim","","R397","perf","1","","Untested","","","Other",""
"T55168","удаление 50 файлов","nikitra123@gmail.com","C3136","","","","","","","","","Medium","","Тест ран HardLoad Gudim","","R397","perf","1","","Untested","","","Other",""
"T55177","копирование файла 50гб","nikitra123@gmail.com","C3137","","","","","","","","","Medium","","Тест ран HardLoad Gudim","","R397","perf","1","","Untested","","","Other",""
